{
    "loss": 29.71504020690918,
    "accuracy": 0.48201438784599304
}