{
    "loss": 0.6928756833076477,
    "accuracy": 0.9496402740478516
}