{
    "loss": 6.740837097167969,
    "accuracy": 0.6955142617225647
}