{
    "loss": 8.18780517578125,
    "accuracy": 0.5179855823516846
}