{
    "loss": 9.959589004516602,
    "accuracy": 0.5179855823516846
}