{
    "loss": 0.9818156957626343,
    "accuracy": 0.8489208817481995
}