{
    "loss": 1.492713212966919,
    "accuracy": 0.6906474828720093
}